City,Country,Longitude,Latitude,Temperature,Max Temperature,Humidity,Cloudiness,Wind Speed
klaksvik,FO,-6.589,62.2266,24.8,24.8,86,20,1.14
vostok,RU,135.8833,46.4856,15.57,15.57,92,3,2.82
cayenne,GF,-52.3333,4.9333,75.2,75.2,100,90,2.3
severo-kurilsk,RU,156.125,50.6789,27.75,27.75,92,100,20.31
yellowknife,CA,-114.3525,62.456,-11.2,-11.2,77,20,4.61
ushuaia,AR,-68.3,-54.8,68.0,68.0,42,40,10.36
mabaruma,GY,-59.7833,8.2,71.96,71.96,90,13,3.62
saint-philippe,RE,55.7679,-21.3585,72.19,77.0,69,40,4.61
castro,BR,-50.0119,-24.7911,60.49,60.49,98,100,7.45
vuktyl,RU,57.3094,63.8567,-21.33,-21.33,87,100,4.32
askino,RU,56.5783,56.0901,-9.81,-9.81,85,69,7.85
san rafael,AR,-68.3301,-34.6177,71.85,71.85,43,5,6.98
east london,ZA,27.9116,-33.0153,73.9,73.9,89,2,9.95
butaritari,KI,172.7902,3.0707,81.7,81.7,76,100,14.72
mackenzie,CA,-123.1698,55.2999,-11.2,-11.2,58,1,6.91
victoria,HK,114.1577,22.2855,61.18,64.0,82,0,1.99
atuona,PF,-139.0333,-9.8,78.71,78.71,80,2,17.25
northam,GB,-4.2167,51.0333,27.99,28.99,79,100,5.01
hermanus,ZA,19.2345,-34.4187,69.01,69.01,85,0,5.01
mataura,NZ,168.8643,-46.1927,50.25,50.25,87,100,13.06
port elizabeth,ZA,25.5701,-33.918,73.4,73.4,94,90,2.3
tabas,IR,56.9244,33.5959,50.0,50.0,29,99,4.61
faanui,PF,-151.75,-16.4833,82.11,82.11,69,0,17.36
rikitea,PF,-134.9692,-23.1203,78.6,78.6,78,3,14.2
barrow,US,-156.7887,71.2906,-36.4,-36.4,85,1,9.22
jamestown,US,-79.2353,42.097,17.56,19.0,86,90,5.75
rangpur,BD,89.25,25.75,66.31,66.31,43,0,0.76
vila velha,BR,-40.2925,-20.3297,78.28,82.0,88,40,4.61
yar-sale,RU,70.8333,66.8333,-22.09,-22.09,85,95,14.25
albany,US,-73.9662,42.6001,19.89,23.0,47,100,1.01
qaanaaq,GL,-69.3632,77.484,10.18,10.18,75,98,9.71
tuktoyaktuk,CA,-133.0374,69.4541,-23.8,-23.8,69,20,18.41
bethel,US,-73.414,41.3712,22.89,24.01,79,90,1.3
ko samui,TH,99.9357,9.5357,82.4,82.4,78,20,6.91
martaban,MM,97.6111,16.5314,74.12,74.12,45,0,6.06
svetlogorsk,BY,29.7333,52.6333,6.66,6.66,95,100,5.32
morros,BR,-46.3003,-9.4467,72.91,72.91,87,98,2.93
lar,IN,83.9717,26.2039,57.6,57.6,74,0,1.95
kjollefjord,NO,27.3465,70.9457,21.07,21.07,88,100,2.26
dikson,RU,80.5464,73.5069,-22.18,-22.18,87,2,6.55
humaita,BR,-63.0208,-7.5061,74.28,74.28,98,100,3.09
aklavik,CA,-135.0107,68.2191,-25.6,-25.6,75,0,3.44
mehamn,NO,27.8492,71.0357,20.91,20.91,87,100,1.52
vaini,TO,-175.2,-21.2,86.0,86.0,74,40,11.5
iqaluit,CA,-68.5145,63.7506,3.09,3.2,78,20,4.61
fortuna,US,-124.1573,40.5982,49.95,51.01,81,1,10.36
roebourne,AU,117.1333,-20.7833,92.75,92.75,47,0,14.56
kiunga,PG,141.2906,-6.1219,86.34,86.34,77,66,3.67
ribeira grande,PT,-28.7,38.5167,58.91,58.91,67,40,34.43
chokurdakh,RU,147.9167,70.6333,-11.6,-11.6,89,44,6.42
hilo,US,-155.09,19.7297,73.29,80.6,50,40,12.66
santiago,CL,-70.6483,-33.4569,72.21,75.0,68,0,14.97
hithadhoo,MV,73.0833,-0.6,81.43,81.43,80,42,13.8
dali,CN,100.1833,25.7,50.74,50.74,58,1,3.06
khatanga,RU,102.5,71.9667,-21.86,-21.86,83,2,4.25
bonthe,SL,-12.505,7.5264,77.32,77.32,89,5,4.54
grootfontein,NA,18.1167,-19.5667,62.46,62.46,96,100,9.75
lebu,CL,-73.65,-37.6167,59.58,59.58,94,2,9.1
narsaq,GL,-46.05,60.9167,33.8,33.8,25,20,33.38
hobart,AU,147.3294,-42.8794,73.15,75.0,40,0,4.61
emba,KZ,58.1442,48.8264,22.37,22.37,97,100,11.48
chapais,CA,-74.8492,49.7834,-11.2,-11.2,84,1,2.51
tiksi,RU,128.8694,71.6872,-11.78,-11.78,89,37,4.59
san quintin,MX,-115.95,30.4833,56.39,56.39,77,1,13.42
chitral,PK,71.7858,35.8462,37.42,37.42,52,0,7.9
lloydminster,CA,-110.0016,53.2835,-22.0,-22.0,63,20,8.05
thompson,CA,-97.8558,55.7435,-23.8,-23.8,76,40,6.91
sao joao da barra,BR,-41.0511,-21.6403,75.13,75.13,88,99,3.78
busselton,AU,115.3333,-33.65,63.84,64.99,67,81,3.0
aksay,RU,39.87,47.26,44.26,44.6,100,90,8.95
cape town,ZA,18.4232,-33.9258,67.15,68.0,88,0,11.5
constitucion,CL,-72.4167,-35.3333,61.63,61.63,91,79,1.72
mezen,RU,44.24,65.8522,-10.93,-10.93,90,69,5.53
khandyga,RU,135.6,62.6667,0.9,0.9,90,100,0.34
oriximina,BR,-55.8661,-1.7656,74.77,74.77,91,97,2.08
matsuura,JP,129.721,33.3271,51.58,55.99,71,0,2.3
churapcha,RU,132.4325,62.0025,-4.92,-4.92,90,95,7.43
kang,BW,22.7876,-23.6752,69.24,69.24,73,100,5.55
nikolskoye,RU,30.7861,59.7035,4.55,7.0,85,20,4.0
tabou,CI,-7.3528,4.423,78.08,78.08,89,0,6.26
lagoa,PT,-27.9833,39.05,56.53,56.53,69,40,38.32
southbridge,US,-72.0334,42.0751,15.96,19.0,48,64,3.0
lata,PT,-8.3327,40.1629,56.68,57.99,100,100,5.01
kangaatsiaq,GL,-53.4641,68.3065,12.69,12.69,95,28,6.17
naze,JP,129.4833,28.3667,60.8,60.8,88,75,12.66
dapaong,TG,0.205,10.8639,72.41,72.41,19,16,5.44
geraldton,AU,114.6,-28.7667,75.2,75.2,38,0,19.57
komsomolskiy,UZ,71.7189,40.4272,41.0,41.0,81,54,2.3
radzyn podlaski,PL,22.6167,51.7833,19.4,21.2,86,40,6.91
samarai,PG,150.6667,-10.6167,86.36,86.36,65,65,8.61
kieta,PG,155.6333,-6.2167,84.0,84.0,75,91,7.99
osa,RU,55.4567,57.2829,-11.18,-11.18,86,71,3.04
talnakh,RU,88.3972,69.4865,-16.24,-16.24,80,0,2.93
kapaa,US,-159.319,22.0752,73.4,75.2,53,40,10.36
pundaguitan,PH,126.1689,6.3711,81.48,81.48,82,99,9.73
cabo san lucas,MX,-109.9124,22.8909,66.97,68.0,68,1,17.27
puerto ayora,EC,-90.3518,-0.7393,75.0,75.0,98,82,5.75
avarua,CK,-159.775,-21.2078,86.0,86.0,70,100,5.75
marietta,US,-84.5499,33.9526,57.02,60.8,77,75,3.44
new norfolk,AU,147.0587,-42.7826,73.71,75.0,32,93,1.01
nombre de jesus,HN,-86.6833,15.35,75.2,75.2,88,20,3.44
lasa,IT,10.7002,46.6166,31.44,33.01,86,75,8.05
bluff,NZ,168.3333,-46.6,52.93,52.93,87,100,29.37
abu samrah,SY,37.1841,35.3029,49.51,49.51,87,0,5.86
esso,RU,158.7,55.9333,21.69,21.69,90,91,3.47
nizhniy kuranakh,RU,125.4869,58.8353,6.57,6.57,93,100,1.14
wajir,KE,40.0573,1.7471,73.89,73.89,73,100,10.09
xai-xai,MZ,33.6442,-25.0519,77.32,77.32,81,6,10.69
sao filipe,CV,-24.4956,14.8961,71.69,71.69,68,23,7.61
hami,CN,93.45,42.8,30.38,30.38,80,52,8.61
solnechnyy,RU,136.6319,50.7214,10.44,10.44,87,14,2.62
sitka,US,-135.33,57.0531,30.2,30.2,29,20,7.7
chany,RU,76.7647,55.3121,-28.28,-28.28,84,0,6.24
nome,US,-165.4064,64.5011,-7.6,-7.6,49,1,5.75
esperance,AU,121.9,-33.8667,64.4,64.4,59,90,17.27
bosaso,SO,49.1816,11.2842,70.16,70.16,75,38,1.61
flin flon,CA,-101.865,54.7682,-27.08,-27.08,85,93,4.92
honggang,CN,124.8667,46.4667,25.47,25.47,94,100,16.53
provideniya,RU,-173.3,64.3833,-7.6,-7.6,64,0,22.37
karratha,AU,116.8463,-20.7377,93.04,93.04,44,0,10.96
xuanzhou,CN,118.7553,30.9525,52.14,52.14,82,100,12.21
fare,PF,-151.0167,-16.7,80.47,80.47,74,1,20.54
lorengau,PG,147.2712,-2.0226,82.92,82.92,75,100,10.29
landau,DE,8.1133,49.2075,15.17,17.01,89,28,2.71
evanston,US,-87.6901,42.0411,14.56,15.01,52,90,10.36
marystown,CA,-55.1483,47.1666,19.83,19.83,89,66,28.88
novoorsk,RU,58.9813,51.381,8.6,8.6,78,90,11.18
hamilton,US,-84.5333,39.1834,20.93,21.99,86,90,6.91
cochrane,CA,-114.4687,51.1834,-19.25,-18.0,69,75,4.61
tura,IN,90.2201,25.5198,66.45,66.45,45,0,1.39
souillac,MU,57.5167,-20.5167,78.8,78.8,78,40,13.8
touros,BR,-35.4608,-5.1989,80.6,80.6,78,75,9.22
khvorostyanka,RU,48.9597,52.6096,7.75,7.75,95,100,5.68
korla,CN,86.1469,41.7597,34.65,34.65,74,100,7.52
fairbanks,US,-147.7164,64.8378,4.5,6.8,72,1,2.57
punta arenas,CL,-70.9167,-53.15,55.2,55.4,82,75,10.36
mahebourg,MU,57.7,-20.4081,78.8,78.8,78,40,13.8
viedma,AR,-62.9967,-40.8135,66.0,66.0,73,9,19.06
georgetown,MY,100.3354,5.4112,81.18,82.4,78,20,3.44
hobyo,SO,48.5268,5.3505,77.31,77.31,71,100,20.83
saskylakh,RU,114.0833,71.9167,-22.99,-22.99,83,0,6.55
bredasdorp,ZA,20.0403,-34.5322,62.6,62.6,94,1,2.3
paamiut,GL,-49.6678,61.994,20.08,20.08,82,0,6.87
mersing,MY,103.8405,2.4312,80.6,80.6,83,20,8.05
sambava,MG,50.1667,-14.2667,76.69,76.69,84,100,6.2
taltal,CL,-70.4833,-25.4,65.1,65.1,75,0,2.55
dabat,ET,37.765,12.9842,44.76,44.76,60,100,2.21
leningradskiy,RU,178.4167,69.3833,-28.03,-28.03,83,0,6.2
laguna,US,-121.4238,38.421,62.11,66.2,59,1,5.75
ilulissat,GL,-51.1,69.2167,10.4,10.4,67,20,11.5
ballina,AU,153.5667,-28.8667,77.16,78.8,65,75,11.5
soyo,AO,12.3689,-6.1349,80.13,80.13,85,100,1.97
buala,SB,159.5921,-8.145,82.62,82.62,79,100,11.97
bad schwalbach,DE,8.0667,50.1333,21.92,25.0,92,53,1.01
kavieng,PG,150.7967,-2.5744,82.99,82.99,76,84,9.01
christchurch,NZ,172.6333,-43.5333,75.65,75.99,25,0,16.11
redmond,US,-122.1215,47.674,37.49,39.99,84,87,1.48
dingle,PH,122.6711,10.9995,83.12,83.12,74,5,3.38
necochea,AR,-58.7368,-38.5473,62.01,62.01,92,0,4.0
hobbs,US,-103.136,32.7026,28.4,28.4,100,90,12.66
torbay,CA,-52.7314,47.6666,20.46,21.2,68,90,31.07
maues,BR,-57.7186,-3.3836,74.23,74.23,94,100,2.08
bambous virieux,MU,57.7575,-20.3428,78.89,79.0,78,40,13.8
shimoda,JP,138.95,34.6667,53.62,55.4,41,20,12.66
pevek,RU,170.3133,69.7008,-14.62,-14.62,70,0,0.54
rio grande,BR,-52.0986,-32.035,72.0,72.0,91,100,1.99
alofi,NU,-169.9187,-19.0595,86.0,86.0,74,75,9.22
teontepec,MX,-97.5167,18.5,68.05,68.05,35,58,7.43
carnarvon,AU,113.6333,-24.8667,75.2,75.2,64,75,20.71
russell,US,-85.1999,32.3502,58.1,62.6,94,1,2.71
norman wells,CA,-126.8329,65.282,-22.0,-22.0,76,20,5.75
aldan,RU,125.3894,58.6031,7.63,7.63,94,100,1.63
longyearbyen,SJ,15.6401,78.2186,6.8,6.8,72,75,18.41
tigil,RU,158.6667,57.8,24.24,24.24,93,63,6.55
arman,RU,150.1667,59.7,17.42,17.42,90,100,9.28
bilibino,RU,166.4372,68.0546,-4.2,-4.2,86,97,2.19
saint george,US,-113.5841,37.1041,61.21,62.6,25,40,11.5
san pedro,PH,121.0167,14.35,82.22,84.0,78,40,4.61
karakol,KG,78.3936,42.4907,31.01,31.01,91,100,2.77
yenagoa,NG,6.2642,4.9247,78.13,78.13,92,1,3.58
cabedelo,BR,-34.8339,-6.9811,78.8,78.8,94,75,8.05
saldanha,ZA,17.9442,-33.0117,64.4,64.4,82,0,3.44
manta,EC,-80.7333,-0.95,78.8,78.8,78,0,8.05
arraial do cabo,BR,-42.0278,-22.9661,74.41,74.41,82,100,4.54
upernavik,GL,-56.1549,72.7868,-1.97,-1.97,91,100,13.44
nalut,LY,10.85,30.3333,49.55,49.55,45,0,3.22
mount gambier,AU,140.7667,-37.8333,80.6,80.6,39,100,10.36
sistranda,NO,8.834,63.7256,15.8,15.8,86,20,13.8
le port,RE,55.2919,-20.9373,70.12,77.0,83,75,10.36
quang ngai,VN,108.8,15.1167,69.69,69.69,78,33,8.46
contamana,PE,-75.0167,-7.3333,78.4,78.4,78,100,2.62
lompoc,US,-120.4579,34.6391,50.76,53.6,76,1,9.22
san patricio,US,-97.5169,28.017,60.8,60.8,88,90,17.27
lingao,CN,109.6859,19.9103,64.58,64.58,74,7,7.29
kodiak,US,-152.4072,57.79,37.4,37.4,75,90,29.93
thibodaux,US,-90.8229,29.7958,69.76,70.0,86,2,1.01
chimoio,MZ,33.4833,-19.1164,69.37,69.8,100,75,8.05
cardston,CA,-113.3019,49.2,-16.6,-14.8,76,100,2.3
mackay,AU,149.2,-21.15,81.03,82.4,69,90,9.22
nanortalik,GL,-45.2371,60.1432,23.47,23.47,88,16,11.92
langsa,ID,97.9683,4.4683,81.81,81.81,76,14,1.95
beringovskiy,RU,179.3167,63.05,-21.41,-21.41,86,75,14.5
srednekolymsk,RU,153.6833,67.45,-12.32,-12.32,88,42,4.25
hemsedal,NO,8.5534,60.8629,-4.54,-2.99,75,1,1.99
gat,IL,34.7642,31.61,50.7,55.0,81,0,5.14
nyurba,RU,118.3319,63.2842,-12.69,-12.69,89,100,2.84
comodoro rivadavia,AR,-67.5,-45.8667,66.2,66.2,88,0,5.82
smithers,CA,-127.1743,54.7804,-0.4,-0.4,50,1,3.44
noumea,NC,166.4572,-22.2763,80.6,80.6,61,90,5.75
port macquarie,AU,152.9167,-31.4333,76.41,77.0,53,40,8.05
madang,PG,145.7966,-5.2246,84.07,84.07,70,100,4.83
coihaique,CL,-72.0662,-45.5752,69.8,69.8,49,99,3.44
chipata,ZM,32.65,-13.6333,65.05,65.05,97,100,1.92
milkovo,RU,158.6167,54.7167,23.9,23.9,95,100,13.85
oranjemund,NA,16.4333,-28.55,64.35,64.35,85,61,8.59
arlit,NE,7.3853,18.7369,68.25,68.25,20,1,6.2
rawson,AR,-65.1023,-43.3002,70.48,70.48,54,0,31.85
forestville,US,-76.875,38.8451,32.58,34.0,100,90,3.44
ati,TD,18.3353,13.2154,67.12,67.12,25,0,10.6
salalah,OM,54.0924,17.0151,73.4,73.4,38,0,6.91
sabaudia,IT,13.0282,41.3003,46.67,46.99,91,2,3.09
kahului,US,-156.47,20.8947,71.46,75.2,53,40,20.71
qaqortoq,GL,-46.0333,60.7167,33.8,33.8,25,20,33.38
meiganga,CM,14.3,6.5167,60.31,60.31,29,93,3.36
punta de bombon,PE,-71.7931,-17.1717,71.31,71.31,81,87,5.1
mount isa,AU,139.5,-20.7333,93.2,93.2,43,40,10.36
darhan,MN,105.9228,49.4867,16.23,16.23,95,100,3.38
ulaanbaatar,MN,106.8832,47.9077,12.2,12.2,79,75,13.42
mar del plata,AR,-57.5575,-38.0023,67.48,68.0,83,90,16.11
nemuro,JP,145.575,43.3236,24.8,24.8,74,40,4.61
barra dos coqueiros,BR,-37.0386,-10.9089,80.6,80.6,69,40,9.22
adrar,MR,-10.0711,20.5022,63.03,63.03,23,0,9.44
nago,JP,127.9761,26.5881,64.26,64.4,77,90,27.63
almaznyy,RU,40.045,48.0448,44.6,44.6,100,90,8.95
yinchuan,CN,106.2731,38.4681,41.16,41.16,58,100,3.76
ligayan,PH,119.4706,4.6533,82.85,82.85,71,11,2.82
clarksburg,US,-80.3445,39.2807,29.79,30.99,93,90,8.05
ust-maya,RU,134.5333,60.4167,-2.38,-2.38,91,100,3.47
hasaki,JP,140.8333,35.7333,51.31,52.0,40,20,12.66
grindavik,IS,-22.4338,63.8424,35.6,35.6,80,75,14.97
savannah bight,HN,-85.85,16.45,77.0,77.0,86,0,21.99
san jose,US,-121.895,37.3394,57.4,59.0,58,1,9.22
meadow lake,US,-106.5436,34.8014,50.74,53.6,24,75,12.66
whitehorse,CA,-135.0538,60.7161,-16.2,-16.01,69,20,12.66
jiaocheng,CN,116.1389,24.6774,60.06,60.06,79,92,2.62
leiyang,CN,112.8591,26.4024,53.15,53.15,87,93,2.57
airai,TL,125.4092,-8.9266,72.99,72.99,80,97,2.06
kifri,IQ,44.9661,34.6959,53.58,53.58,58,0,2.24
hirara,JP,125.2833,24.8,68.0,68.0,100,75,24.16
alghero,IT,8.3181,40.5589,50.95,55.4,76,40,11.5
san cristobal,VE,-72.225,7.7669,64.8,64.8,89,2,2.37
port alfred,ZA,26.891,-33.5906,71.01,71.01,94,12,4.34
oranjestad,AW,-70.027,12.524,77.0,77.0,83,20,18.41
buenos aires,AR,-58.3772,-34.6132,70.47,71.6,78,75,11.5
deputatskiy,RU,139.9,69.3,-20.65,-20.65,90,70,3.18
saint-joseph,RE,55.6167,-21.3667,72.3,77.0,69,40,4.61
tautira,PF,-149.15,-17.7333,86.0,86.0,62,75,10.36
half moon bay,US,-122.4286,37.4636,52.47,55.99,87,75,5.75
pisco,PE,-76.2167,-13.7,72.37,73.4,73,0,10.36
bonnyville,CA,-110.735,54.2668,-21.03,-18.4,57,90,9.22
kruisfontein,ZA,24.7314,-34.0033,70.0,70.0,91,8,0.85
kano,NG,8.5167,12.0001,64.4,64.4,32,0,2.3
kikwit,CD,18.8162,-5.041,71.62,71.62,89,100,2.39
gizo,SB,156.8419,-8.103,84.96,84.96,71,96,8.95
missoula,US,-113.8009,47.0166,19.13,19.4,86,90,8.05
makakilo city,US,-158.0858,21.3469,76.17,77.0,47,75,4.61
luganville,VU,167.1667,-15.5333,84.47,84.47,67,27,1.12
tubuala,PA,-79.0333,9.5167,69.82,78.8,78,20,4.61
pemangkat,ID,108.9667,1.1667,81.05,81.05,78,82,7.02
broken hill,AU,141.4333,-31.95,95.0,95.0,23,0,14.97
meulaboh,ID,96.1285,4.1363,79.74,79.74,85,100,4.68
botou,CN,116.5667,38.0667,51.85,51.85,45,0,13.67
mineros,BO,-63.2333,-17.1167,69.8,69.8,88,90,5.75
thinadhoo,MV,72.9333,0.5333,81.57,81.57,79,51,11.56
northampton,US,-75.2499,40.8754,27.86,28.99,60,100,2.91
kesan,TR,26.6303,40.8558,55.11,55.11,81,96,19.51
pangnirtung,CA,-65.7125,66.1451,5.77,5.77,70,0,2.33
sjovegan,NO,17.8474,68.8726,24.42,24.8,93,75,5.46
hovd,MN,91.6419,48.0056,10.81,10.81,55,23,4.59
maua,BR,-46.4614,-23.6678,68.0,68.0,83,75,8.05
umtata,ZA,28.7844,-31.5889,68.0,68.0,94,45,3.44
tasiilaq,GL,-37.6368,65.6145,6.8,6.8,61,20,4.61
laguna de perlas,NI,-83.6712,12.3429,75.22,75.22,82,0,6.8
shingu,JP,135.9833,33.7333,51.8,51.8,43,75,16.11
yala,TH,101.25,6.3333,78.8,78.8,83,20,5.75
vao,NC,167.4833,-22.6667,76.55,76.55,82,33,13.96
careiro da varzea,BR,-59.8119,-3.2003,78.8,78.8,89,20,4.61
tayturka,RU,103.4608,52.8692,9.01,9.01,94,100,5.73
puerto narino,CO,-70.3831,-3.7703,78.8,78.8,100,0,2.17
fukue,JP,128.8419,32.6881,53.6,53.6,62,0,8.05
beloha,MG,45.05,-25.1667,71.02,71.02,83,100,7.56
cidreira,BR,-50.2056,-30.1811,73.62,73.62,83,21,14.34
vardo,NO,31.1107,70.3705,24.26,24.26,87,100,13.33
te anau,NZ,167.7167,-45.4167,52.45,52.45,78,100,6.04
mizan teferi,ET,35.5833,6.9833,65.71,65.71,43,100,2.51
kemijarvi,FI,27.4306,66.7131,4.98,4.98,94,99,3.85
morondava,MG,44.2833,-20.2833,78.75,78.75,83,100,14.07
guerrero negro,MX,-114.0611,27.9769,57.61,57.61,71,66,17.9
gibsons,CA,-123.5027,49.3997,29.88,30.99,86,64,1.19
mangrol,IN,70.1167,21.1167,68.22,68.22,40,100,7.23
linares,CL,-71.6,-35.85,68.99,68.99,65,0,3.0
cherskiy,RU,161.3,68.75,-9.44,-9.44,87,0,3.47
north auburn,US,-121.0819,38.9313,52.9,60.8,76,1,0.51
sandpoint,US,-116.5533,48.2766,13.64,23.0,63,90,8.05
vaitape,PF,-151.75,-16.5167,82.0,82.0,69,0,15.88
aykhal,RU,111.5,66.0,-18.76,-18.76,86,6,5.46
mandalgovi,MN,106.2708,45.7625,24.22,24.22,87,37,21.85
margate,GB,1.3862,51.3813,31.82,34.0,65,100,1.01
walvis bay,NA,14.5053,-22.9575,67.08,68.0,82,100,3.44
fairhope,US,-87.9033,30.523,63.77,64.4,100,90,3.44
fernie,CA,-115.0687,49.5,-5.04,8.6,49,99,14.97
ronneby,SE,15.276,56.21,15.8,15.8,92,93,6.91
cao bang,VN,106.25,22.6667,65.43,65.43,67,0,0.78
paraiso,CR,-83.8656,9.8383,66.65,66.99,83,95,5.99
zhuhai,CN,113.5678,22.2769,62.73,63.0,82,40,13.8
sao felix do xingu,BR,-51.995,-6.6447,72.99,72.99,96,100,1.68
skjervoy,NO,20.9714,70.0311,33.24,33.24,84,100,21.85
kissidougou,GN,-10.0999,9.1848,68.13,68.13,48,0,4.03
marsh harbour,BS,-77.0636,26.5412,74.01,74.01,80,100,11.21
olafsvik,IS,-23.7142,64.8945,36.9,36.9,81,100,19.73
buchanan,LR,-10.0467,5.8808,78.76,78.76,89,1,5.61
axim,GH,-2.2405,4.8699,80.19,80.19,85,9,6.4
chongwe,ZM,28.682,-15.3292,65.55,65.55,95,100,0.36
saint-pierre,RE,55.4781,-21.3393,74.48,77.0,69,40,4.61
baia de aries,RO,23.2833,46.3833,44.8,45.0,100,90,5.75
la ronge,CA,-105.2842,55.1001,-20.2,-20.2,69,98,4.61
verkhnevilyuysk,RU,120.3167,63.4453,-18.18,-18.18,88,92,3.24
khani,GE,42.9566,41.9563,44.6,44.6,87,0,6.91
zhaotong,CN,103.7167,27.3167,44.4,44.4,72,25,4.61
henties bay,NA,14.2845,-22.116,68.0,68.0,90,99,6.51
namibe,AO,12.1522,-15.1961,72.86,72.86,73,100,3.65
ust-tsilma,RU,52.1498,65.441,-13.99,-13.99,88,96,3.4
scarborough,GB,-0.4044,54.2797,33.49,35.01,59,79,5.01
grand gaube,MU,57.6608,-20.0064,79.0,79.0,74,19,5.99
chihuahua,MX,-106.0,28.5,68.0,68.0,14,20,9.22
kollam,IN,76.6,8.8833,75.2,75.2,57,20,9.17
ancud,CL,-73.8203,-41.8697,65.12,66.0,68,0,4.61
sisimiut,GL,-53.6735,66.9395,13.3,13.3,92,59,8.01
ivdel,RU,60.4206,60.6911,-22.5,-22.5,83,48,1.88
diffa,NE,12.6113,13.3154,65.8,65.8,27,0,10.07
port hedland,AU,118.5667,-20.3167,87.8,87.8,70,75,12.66
plesetsk,RU,40.2916,62.708,-11.7,-11.7,87,34,3.65
caravelas,BR,-39.2481,-17.7125,75.63,75.63,83,3,4.72
padang,ID,100.3543,-0.9492,80.6,80.6,74,20,1.14
dom pedrito,BR,-54.6731,-30.9828,67.55,67.55,89,100,9.1
ponta do sol,PT,-17.1,32.6667,55.58,60.01,77,86,1.01
nongstoin,IN,91.2667,25.5167,55.35,55.35,50,0,2.24
seoul,KR,126.9778,37.5683,39.22,41.0,70,40,4.61
hamza,UZ,71.4956,40.4264,41.0,41.0,81,75,2.3
whitianga,NZ,175.7,-36.8333,71.6,71.6,60,63,1.21
chuy,UY,-53.4616,-33.6971,70.02,70.02,86,97,9.86
hessisch oldendorf,DE,9.25,52.1667,16.9,19.4,86,93,4.61
ust-nera,RU,143.2,64.5667,8.74,8.74,84,67,4.54
san luis,AR,-66.3356,-33.295,66.58,66.58,64,10,12.57
ribeira brava,PT,-17.0667,32.65,55.44,60.01,87,88,3.0
mana,GF,-53.7767,5.6592,76.93,76.93,83,12,11.99
mayo,US,-76.5119,38.8876,32.79,34.0,100,90,3.44
chissamba,AO,17.3333,-12.1667,61.77,61.77,86,100,6.15
oyama,JP,139.8,36.3,52.66,57.0,37,20,3.44
san juan,AR,-68.5364,-31.5375,76.71,76.71,40,13,7.36
carutapera,BR,-46.02,-1.195,78.8,78.8,83,100,7.07
inhambane,MZ,35.3833,-23.865,78.49,78.49,83,0,13.13
kibala,TD,18.3463,9.1104,64.4,64.4,63,0,3.6
hambantota,LK,81.1185,6.1241,68.0,68.0,100,100,3.44
puerto madryn,AR,-65.0385,-42.7692,70.68,70.68,51,0,31.65
roald,NO,6.1333,62.5833,17.4,23.0,54,0,12.66
namatanai,PG,152.4333,-3.6667,83.03,83.03,76,81,6.15
jiayuguan,CN,98.3,39.8167,35.1,35.1,67,0,8.3
omboue,GA,9.2618,-1.5746,78.58,78.58,89,100,1.77
udachnyy,RU,112.4,66.4167,-24.16,-24.16,83,4,4.05
clyde river,CA,-68.5914,70.4692,5.0,5.0,92,0,25.34
voh,NC,164.7,-20.9667,79.07,79.07,74,55,6.85
aripuana,BR,-60.6333,-9.1667,73.42,73.42,97,100,2.33
praia da vitoria,PT,-27.0667,38.7333,54.79,55.4,76,20,27.49
sri aman,MY,111.4621,1.2376,80.31,80.6,89,40,2.3
valleyview,CA,-117.2859,55.0667,-22.0,-22.0,69,100,4.61
grand-lahou,CI,-5.0242,5.1367,79.0,79.0,89,0,10.96
gijon,ES,-5.6615,43.5357,50.0,53.01,88,100,3.51
yazd,IR,54.3675,31.8972,48.2,48.2,37,40,6.91
kabo,CF,18.629,7.6994,67.53,67.53,24,3,2.84
landerneau,FR,-4.2525,48.4525,28.92,30.2,64,0,14.97
manggar,ID,108.2667,-2.8833,82.63,82.63,76,100,9.62
taoudenni,ML,-3.9836,22.6783,63.99,63.99,24,0,11.14
caxias,PT,-9.2767,38.7031,56.88,57.99,100,75,9.22
asosa,ET,34.5333,10.0667,63.14,63.14,30,94,5.14
puerto cabezas,NI,-83.3888,14.0351,74.59,74.59,83,1,7.23
cockburn town,TC,-71.1419,21.4612,77.0,77.0,73,40,6.91
qarqin,AF,66.0436,37.4185,54.19,54.19,56,0,8.01
palestina,PS,35.2033,31.9216,50.36,55.0,93,20,3.44
port-gentil,GA,8.7815,-0.7193,81.68,81.68,82,100,5.91
kijang,KR,129.2139,35.2442,42.8,42.8,52,0,5.75
bara,NG,10.7288,10.3744,67.89,67.89,22,1,7.49
lokoja,NG,6.743,7.8024,78.55,78.55,54,22,1.79
maceio,BR,-35.7353,-9.6658,75.2,75.2,94,75,4.61
makasar,ID,119.4221,-5.14,86.0,86.0,74,20,3.44
amurzet,RU,131.0981,47.6967,17.73,17.73,94,0,4.68
takoradi,GH,-1.7554,4.8845,79.41,79.41,87,1,7.74
at-bashi,KG,75.8106,41.1702,19.72,19.72,84,71,1.1
alappuzha,IN,76.3264,9.49,71.98,71.98,69,100,6.82
rincon,US,-81.2354,32.296,57.76,57.99,94,90,3.44
poyarkovo,RU,128.6833,49.6,12.79,12.79,94,12,8.68
herat,AF,62.0,34.5,33.8,33.8,64,0,3.44
sinnamary,GF,-52.95,5.3833,76.84,76.84,85,55,13.02
reconquista,AR,-59.65,-29.15,71.47,71.47,65,14,7.94
green valley,US,-110.9937,31.8543,62.31,64.99,29,50,6.17
jalu,LY,21.5482,29.0331,55.44,55.44,35,0,6.73
labrea,BR,-64.7981,-7.2586,74.57,74.57,96,97,2.3
sinfra,CI,-5.9167,6.6167,77.0,77.0,88,13,4.61
inta,RU,60.1659,66.0317,-19.7,-19.7,88,100,7.81
brigantine,US,-74.3646,39.4101,33.6,34.0,69,90,3.44
cap malheureux,MU,57.6142,-19.9842,79.0,79.0,74,13,5.99
roblin,CA,-101.3565,51.23,-27.36,-27.36,86,91,7.58
codrington,AU,141.9667,-38.2667,90.28,90.28,26,100,17.18
breytovo,RU,37.8617,58.2993,-1.71,-1.71,93,100,6.2
lisakovsk,KZ,62.4936,52.5369,-2.07,-2.07,92,87,8.37
harlingen,US,-97.6961,26.1906,72.79,73.99,94,20,12.66
los llanos de aridane,ES,-17.9182,28.6585,56.71,62.6,72,0,6.91
salym,RU,71.4789,60.0625,-25.19,-25.19,85,26,6.17
bhadrachalam,IN,80.8833,17.6667,64.98,64.98,81,7,1.92
ostrovnoy,RU,39.5131,68.0531,4.71,4.71,92,8,14.83
moron,AR,-58.6198,-34.6534,71.01,71.01,87,100,4.0
dwarka,IN,68.9678,22.2394,67.95,67.95,68,100,7.96
ilhabela,BR,-45.3581,-23.7781,73.99,73.99,80,69,6.38
haines junction,CA,-137.5108,60.7522,-22.0,-22.0,57,0,1.59
halifax,CA,-63.5724,44.6453,16.79,19.4,73,23,9.22
carora,VE,-70.0827,10.1755,70.16,70.16,68,0,7.81
kaitangata,NZ,169.8464,-46.2817,57.0,57.0,63,100,18.01
north platte,US,-100.7654,41.1239,5.94,7.0,72,90,5.75
aleksandrov gay,RU,48.5704,50.147,22.5,22.5,98,100,8.25
marilia,BR,-49.9458,-22.2139,73.4,73.4,73,0,11.5
charters towers,AU,146.2667,-20.1,85.15,85.15,59,67,9.73
yelizovo,RU,158.3805,53.1873,32.0,32.0,64,40,24.61
ardatov,RU,43.097,55.2421,0.73,0.73,93,88,8.28
panama city,PA,-79.5197,8.9936,78.8,78.8,83,75,9.22
parrita,CR,-84.3225,9.5201,68.23,69.8,73,0,8.05
kupang,ID,123.5833,-10.1667,84.2,84.2,84,75,11.5
goba,ET,39.9833,7.0167,47.97,47.97,77,100,2.62
puerto quijarro,BO,-57.7667,-17.7833,71.62,71.62,94,100,3.98
saint-augustin,CA,-58.6502,51.226,14.13,14.13,96,100,9.13
vredendal,ZA,18.5012,-31.6683,62.71,62.71,89,100,1.63
orleans,US,-89.9501,30.0335,65.25,66.99,88,90,8.05
mega,ET,38.3,4.05,58.14,58.14,50,87,6.13
kribi,CM,9.9167,2.95,79.93,79.93,86,19,4.76
quelimane,MZ,36.8883,-17.8786,75.2,75.2,97,100,4.07
rocha,UY,-54.3333,-34.4833,66.88,66.88,93,97,7.96
egvekinot,RU,-179.1667,66.3167,-24.36,-24.36,83,2,12.3
hofn,IS,-15.2082,64.2539,38.53,38.53,74,100,13.31
praia,CV,-23.5087,14.9215,68.0,68.0,73,20,13.8
beyneu,KZ,55.2,45.3167,34.74,34.74,89,0,12.24
vereeniging,ZA,27.9261,-26.6731,64.4,66.0,91,100,7.56
imbituba,BR,-48.6703,-28.24,71.6,71.6,88,0,3.6
bengkulu,ID,102.2655,-3.8004,81.97,81.97,65,3,1.74
karpathos,GR,27.2132,35.507,59.0,59.0,77,0,9.22
ravar,IR,56.8055,31.2656,50.7,50.7,42,55,1.66
alta floresta,BR,-56.0861,-9.8756,71.85,71.85,95,100,0.51
porto novo,BJ,2.6036,6.4965,84.2,84.2,84,40,12.66
santana,BR,-51.1817,-0.0583,78.8,78.8,94,75,4.61
alekseyevsk,RU,108.3492,57.8406,-3.46,-3.46,90,80,1.97
vestmannaeyjar,IS,-20.2734,63.4427,40.98,40.98,69,100,29.04
fereydun kenar,IR,52.5225,36.6864,54.86,54.86,72,100,6.38
gravdal,NO,13.5031,68.1214,29.66,29.66,82,88,5.64
khowst,AF,69.8833,33.3833,47.1,47.1,43,0,3.83
neiafu,TO,-173.9833,-18.65,84.2,84.2,79,75,10.36
port lincoln,AU,135.8667,-34.7333,71.35,71.35,61,100,15.88
anadyr,RU,177.4833,64.75,-11.2,-11.2,64,0,2.24
tabuk,PH,121.4443,17.4189,79.48,79.48,72,14,4.03
kon tum,VN,108.0,14.35,72.46,72.46,63,76,2.73
pochutla,MX,-96.4661,15.7432,79.0,79.0,76,0,1.99
sorland,NO,12.6934,67.667,32.81,32.81,84,99,9.8
svetlyy,RU,20.1347,54.675,5.0,5.0,85,40,8.95
luderitz,NA,15.1594,-26.6481,66.15,66.15,78,94,2.46
acapulco,MX,-99.8901,16.8634,80.6,80.6,69,75,8.05
college,US,-147.8028,64.8569,4.77,6.8,56,75,3.44
rezekne,LV,27.3167,56.5,5.79,5.79,95,100,5.53
harnosand,SE,17.9379,62.6323,6.3,9.0,72,0,10.36
ilo,PE,-71.3375,-17.6394,70.86,70.86,79,98,1.86
san policarpo,PH,125.5072,12.1791,80.78,80.78,84,64,12.08
talaya,RU,152.75,61.3833,1.24,1.24,90,100,2.21
nuuk,GL,-51.7216,64.1835,24.8,24.8,93,75,2.3
chico,US,-121.8375,39.7285,59.02,60.8,59,75,5.75
brae,GB,-1.353,60.3964,34.52,34.52,83,45,10.92
ambulu,ID,113.6058,-8.345,82.36,82.36,72,62,2.8
dunedin,NZ,170.5036,-45.8742,63.1,64.0,51,64,1.01
burnie,AU,145.9167,-41.0667,61.0,61.0,85,98,5.01
kapuskasing,CA,-82.4331,49.4169,-17.5,-16.6,76,54,3.44
port hardy,CA,-127.4199,50.6996,34.5,35.6,55,20,13.8
umm lajj,SA,37.2685,25.0213,75.7,75.7,47,1,11.16
westport,US,-73.3579,41.1415,28.45,30.99,47,40,4.61
mogadishu,SO,45.3438,2.0371,75.78,75.78,82,92,17.69
idritsa,RU,28.8988,56.3316,6.12,6.12,95,100,4.0
ranong,TH,98.6348,9.9658,80.6,80.6,78,0,5.75
santa vitoria,BR,-50.1214,-18.8386,75.18,75.18,61,59,1.12
eureka,US,-124.1637,40.8021,50.22,51.01,84,63,2.95
kita,ML,-9.4895,13.0349,75.38,75.38,19,14,4.54
baihar,IN,80.55,22.1,59.29,59.29,34,41,1.59
voljevac,BA,17.6592,43.8786,43.36,48.0,100,90,3.44
cotonou,BJ,2.4183,6.3654,84.2,84.2,84,40,12.66
zhigansk,RU,123.3711,66.7697,-13.54,-13.54,86,100,10.98
uvinza,TZ,30.3911,-5.1036,66.92,66.92,88,100,2.04
dicabisagan,PH,122.4157,17.0818,81.99,81.99,71,19,1.32
mayya,RU,130.2811,61.7333,-20.2,-20.2,69,0,4.47
abha,SA,42.5053,18.2164,48.02,50.0,81,0,1.36
balabac,PH,117.0645,7.9868,82.33,82.33,75,10,7.18
tsotilion,GR,21.3167,40.2667,50.0,50.0,53,36,9.22
scottsbluff,US,-103.6672,41.8666,7.9,8.6,78,90,19.57
high level,CA,-117.136,58.5169,-16.6,-16.6,76,1,6.91
porbandar,IN,69.6093,21.6422,66.85,66.85,54,100,8.46
skowhegan,US,-69.7192,44.7651,11.7,12.99,58,0,6.6
aksu,CN,80.2644,41.1231,29.1,29.1,89,5,1.16
bud,US,-86.1758,39.447,19.0,19.0,86,100,10.96
saint-georges,GD,-61.7485,12.0564,77.0,77.0,78,40,11.5
rabo de peixe,PT,-25.5833,37.8,59.0,59.0,77,40,19.57
keflavik,IS,-22.5624,64.0049,34.39,35.6,80,75,14.97
cheremukhovo,RU,59.9851,60.3484,-20.78,-20.78,84,21,2.28
tuatapere,NZ,167.6833,-46.1333,52.07,52.07,85,100,14.61
sandnessjoen,NO,12.6316,66.0217,11.46,17.6,79,100,3.44
tual,ID,132.75,-5.6667,83.91,83.91,77,86,11.9
snasa,NO,12.3778,64.2457,3.16,3.16,79,9,1.74
ojuelos de jalisco,MX,-101.5833,21.8667,60.69,60.69,31,68,9.51
beruwala,LK,79.9828,6.4788,72.16,72.16,85,5,4.79
hangu,CN,117.7892,39.2489,46.4,46.4,57,0,6.71
ola,RU,151.2833,59.5833,18.61,18.61,89,100,9.04
erdenet,MN,104.0833,49.0333,11.5,11.5,96,100,1.72
semnan,IR,53.3971,35.5729,49.14,49.14,49,100,2.26
belmonte,BR,-38.8828,-15.8631,77.0,77.0,78,0,4.61
kushiro,JP,144.3747,42.975,24.8,24.8,58,40,1.14
senanga,ZM,23.2667,-16.1167,67.33,67.33,97,100,3.2
skibotn,NO,20.2679,69.3913,26.26,26.6,93,75,2.3
rosarito,MX,-117.0333,32.3333,56.53,60.8,71,1,4.61
waukesha,US,-88.3001,43.0333,1.31,3.99,60,1,5.75
krasnoselkup,RU,82.4667,65.7,-23.93,-23.93,86,100,4.52
pacific grove,US,-121.9166,36.6177,52.95,53.6,76,1,4.61
la macarena,CO,-73.7849,2.1837,77.7,77.7,70,99,2.71
keti bandar,PK,67.4497,24.1447,66.36,66.36,53,100,1.63
unai,BR,-46.9061,-16.3575,71.28,71.28,86,100,0.76
ust-kuyga,RU,135.6,70.0167,-15.47,-15.47,83,0,6.46
wagar,SD,36.2032,16.1525,66.0,66.0,88,0,9.19
manakara,MG,48.0167,-22.1333,71.33,71.33,92,100,5.03
pasni,PK,63.471,25.2631,72.52,72.52,33,100,10.83
launceston,AU,147.1667,-41.45,68.16,69.01,52,99,12.66
andenes,NO,16.1194,69.3143,28.4,28.4,59,75,8.05
burla,IN,83.8667,21.5,55.4,55.4,82,50,1.66
rundu,NA,19.7667,-17.9333,66.27,66.27,97,100,4.63
winneba,GH,-0.6231,5.3511,82.4,82.4,89,40,13.8
port shepstone,ZA,30.455,-30.7414,74.7,74.7,88,75,11.03
babu,CN,111.5167,24.4167,58.86,58.86,71,29,4.68
saint anthony,US,-93.218,45.0205,-0.44,1.4,55,1,12.66
mangulile,HN,-86.8,15.0667,59.16,59.16,69,0,1.05
baykit,RU,96.37,61.67,-14.58,-14.58,85,100,2.44
chiredzi,ZW,31.6667,-21.05,68.49,68.49,94,96,5.77
saint-francois,FR,3.9054,46.4154,28.67,28.99,93,90,6.91
champerico,GT,-91.9167,14.3,66.79,69.01,90,12,10.69
avera,US,-82.5271,33.194,59.41,62.01,94,1,5.75
san andres,CO,-81.7006,12.5847,80.6,80.6,74,20,8.05
nieuw nickerie,SR,-56.9833,5.95,77.05,77.05,82,0,14.29
copiapo,CL,-70.3333,-27.3667,62.6,62.6,82,2,4.61
vila,PT,-8.1588,42.0304,48.0,48.0,96,100,5.01
baijiantan,CN,85.1833,45.6333,12.02,12.02,88,78,7.72
bathsheba,BB,-59.5167,13.2167,78.8,78.8,61,40,21.85
igrim,RU,64.4162,63.1906,-27.87,-27.87,85,0,3.44
antalaha,MG,50.2788,-14.9003,75.36,75.36,90,100,4.03
wahiawa,US,-158.0236,21.5028,75.43,77.0,56,90,6.85
kalabo,ZM,22.6814,-14.97,67.08,67.08,81,100,2.33
verkhozim,RU,45.418,52.7122,7.36,7.36,95,100,9.73
brewster,US,-73.6171,41.3973,22.44,24.01,79,90,0.85
blagoyevo,RU,47.9167,63.3667,-14.69,-14.69,89,0,3.56
kidal,ML,1.4078,18.4411,67.51,67.51,21,1,6.85
marsaxlokk,MT,14.5431,35.8419,55.45,55.99,71,20,24.16
kayerkan,RU,87.7602,69.3497,-16.6,-16.6,79,0,3.53
bamnet narong,TH,101.6897,15.4992,73.53,73.53,50,0,10.29
rovira,CO,-75.24,4.2392,69.87,69.87,77,100,4.79
pitea,SE,21.4794,65.3172,6.8,6.8,92,56,6.91
alihe,CN,123.7167,50.5667,13.59,13.59,92,97,3.06
rosetta,EG,30.4164,31.4044,51.8,51.8,93,0,2.3
bani,DO,-70.3333,18.2833,77.0,77.0,76,30,1.01
